"key","where","en","kk","ru","notes"
"action.ask_proctor","student app","Ask proctor","Проктордан сұрау","Спросить проктора","Shared: +55% RU. Used on 1.3 and 2.1 to 2.3."
"action.cancel","student app","Cancel","Болдырмау","Отмена","Shared: +50% KZ"
"action.continue","student app","Continue","Жалғастыру","Продолжить","Shared"
"app.name","student app","Üki","Üki","Üki","Shared: The title bar before a join (frame 1.1, 51:2058) and the app window on E.3 (95:9379). The product name reads the same in every language."
"app.title","student app","Üki · {course} · {examType}","Üki · {course} · {examType}","Üki · {course} · {examType}","Shared: Value. Course name comes from the exam. Exam type is its own key. The apps use it as app.title.default."
"app.title.ended","student app","Üki · {course} · {examType} · ended by proctor","Üki · {course} · {examType} · проктор аяқтады","Üki · {course} · {examType} · завершено проктором","2.1d Ended by proctor: Value. From frame 2.1d."
"app.title.locked","student app","Üki · {course} · {examType} · browser locked","Üki · {course} · {examType} · браузер құлыпталған","Üki · {course} · {examType} · браузер заблокирован","Shared: Value"
"app.title.offline","student app","Üki · {course} · {examType} · browser locked · offline","Üki · {course} · {examType} · браузер құлыпталған · желі жоқ","Üki · {course} · {examType} · браузер заблокирован · нет сети","2.1a Offline: Value. From frame 2.1a."
"app.title.offline_unlocked","student app","Üki · {course} · {examType} · offline","Üki · {course} · {examType} · желі жоқ","Üki · {course} · {examType} · нет сети","2.1a Offline: Value. Offline in an exam whose browser is not locked (no Üki Lock); frame 2.1a draws only the locked variant, app.title.offline. Kazakh and Russian are a first pass: a native speaker must review them."
"app.title.proctor_paused","student app","Üki · {course} · {examType} · paused by proctor","Üki · {course} · {examType} · проктор тоқтатты","Üki · {course} · {examType} · пауза от проктора","2.1c Paused by proctor: Value. From frame 2.1c."
"app.title.submitted","student app","Üki · {course} · {examType} · submitted","Üki · {course} · {examType} · тапсырылды","Üki · {course} · {examType} · сдано","Shared: Value"
"check.again","student app","Check again","Қайта тексеру","Проверить снова","1.2 System check: +36% RU"
"check.apps.fail","student app","{app} is open. Close it to continue.","{app} ашық. Жалғастыру үшін оны жабыңыз.","Открыт {app}. Закройте его, чтобы продолжить.","1.2 System check: Value. {app} is the process name, like Telegram."
"check.apps.title","student app","Other apps","Басқа қолданбалар","Другие приложения","1.2 System check: +70% KZ"
"check.browser.fail","student app","Pair Üki Lock to continue.","Жалғастыру үшін Üki Lock-ты жұптастырыңыз.","Чтобы продолжить, подключите Üki Lock.","Check failures: 1.2 has no failure frame for this row."
"check.browser.ok","student app","Üki can close other tabs during the exam.","Емтихан кезінде Üki басқа беттерді жаба алады.","Во время экзамена Üki может закрыть другие вкладки.","1.2 System check"
"check.browser.title","student app","Browser lock","Браузер құлпы","Блокировка браузера","1.2 System check: +58% RU"
"check.camera.fail","student app","No camera picture. Close other apps that use the camera.","Камерадан сурет жоқ. Камераны пайдаланатын басқа қолданбаларды жабыңыз.","Нет изображения с камеры. Закройте приложения, которые её используют.","Check failures: 1.2 has no failure frame for this row."
"check.camera.ok","student app","One face, good light, lens not covered.","Бір бет, жарық жақсы, объектив ашық.","Одно лицо, хороший свет, объектив открыт.","1.2 System check"
"check.camera.title","student app","Camera","Камера","Камера","1.2 System check"
"check.network.fail","student app","The exam server does not reply.","Емтихан сервері жауап бермейді.","Сервер экзамена не отвечает.","Check failures: 1.2 has no failure frame for this row."
"check.network.ok","student app","Exam server replies in {ms} ms.","Емтихан сервері {ms} мс ішінде жауап береді.","Сервер экзамена отвечает за {ms} мс.","1.2 System check: Value. +42% KZ"
"check.network.title","student app","Network","Желі","Сеть","1.2 System check"
"check.preview.badge","student app","LIVE · LOCAL","КАМЕРА · ЖЕРГІЛІКТІ","КАМЕРА · ЛОКАЛЬНО","1.2 System check: +58% KZ. KZ and RU say “camera”: “live” reads as broadcasting."
"check.preview.caption","student app","This preview never leaves your laptop.","Бұл көрініс ноутбугыңыздан шықпайды.","Это изображение не покидает ваш ноутбук.","1.2 System check"
"check.preview.status","student app","{count, plural, one {# face} other {# faces}} · good light","{count} бет · жарық жақсы","{count, plural, one {# лицо} few {# лица} many {# лиц} other {# лица}} · свет хороший","1.2 System check: Value. ICU plural. Figma: {count} face · good light."
"check.screen.fail","student app","{app} is running. Close it to continue.","{app} іске қосулы. Жалғастыру үшін оны жабыңыз.","Запущен {app}. Закройте его, чтобы продолжить.","Check failures: Value. 1.2 has no failure frame for this row."
"check.screen.ok","student app","No screen sharing or remote desktop running.","Экранды бөлісу мен қашықтан басқару қосылмаған.","Демонстрация экрана и удалённый доступ не запущены.","1.2 System check"
"check.screen.title","student app","Screen sharing","Экранды бөлісу","Демонстрация экрана","1.2 System check: +36% RU. Also the row title in E.4."
"check.storage.fail","student app","Free at least 1 GB to continue.","Жалғастыру үшін кемінде 1 ГБ орын босатыңыз.","Освободите не менее 1 ГБ, чтобы продолжить.","Check failures: 1.2 has no failure frame for this row."
"check.storage.ok","student app","{free} GB free.","{free} ГБ бос.","Свободно {free} ГБ.","Check failures: Value. 1.2 shows only the running state."
"check.storage.running","student app","Checking free space for local evidence…","Дискідегі бос орын тексерілуде…","Проверяем свободное место на диске…","1.2 System check"
"check.storage.title","student app","Storage","Диск","Диск","1.2 System check"
"check.subtitle","student app","Fix anything red, then check again.","Қызылмен белгіленгенді түзетіп, қайта тексеріңіз.","Исправьте всё красное и проверьте снова.","1.2 System check: +40% KZ"
"check.title","student app","System check","Жүйені тексеру","Проверка системы","1.2 System check: +33% RU"
"check.version.ok","student app","{version} is the latest. No update needed.","{version} — соңғы нұсқа. Жаңарту керек емес.","{version} — последняя версия. Обновлять не нужно.","1.2 System check: Value"
"check.version.title","student app","Üki version","Üki нұсқасы","Версия Üki","1.2 System check"
"done.body","student app","Your answers are in.","Жауаптарыңыз қабылданды.","Ваши ответы приняты.","3.1 Submitted"
"done.close","student app","Close Üki","Üki-ді жабу","Закрыть Üki","3.1 Submitted"
"done.flags","student app","Flags","Белгілер","Отметки","3.1 Submitted: +60% KZ. Renamed to done.flags.label in code."
"done.flags.value","student app","{count} · a person will review {count, plural, one {it} other {them}}","{count} · {count, plural, one {оны адам қарап шығады} other {оларды адам қарап шығады}}","{count} · {count, plural, one {её проверит человек} other {их проверит человек}}","3.1 Submitted: Value. ICU plural. More than one: “them”, “оларды”, “их”."
"done.receipt","student app","Receipt","Түбіртек","Квитанция","3.1 Submitted: The eyebrow shows it in caps."
"done.save","student app","Save receipt","Түбіртекті сақтау","Сохранить квитанцию","3.1 Submitted: +58% RU"
"done.submitted","student app","Submitted","Тапсырылды","Сдано","3.1 Submitted: Renamed to done.submitted.label in code."
"done.submitted.value","student app","{time} · {date}","{time} · {date}","{time} · {date}","3.1 Submitted: Value. Locale date: Fri 9 Oct · жм, 9 қаз · пт, 9 окт"
"done.time_used","student app","Time used","Жұмсалған уақыт","Затрачено","3.1 Submitted: +67% KZ. Renamed to done.time_used.label in code."
"done.time_used.value","student app","{used} of {total} min","{used} / {total} мин","{used} из {total} мин","3.1 Submitted: Value"
"done.title","student app","Submitted.","Тапсырылды.","Сдано.","3.1 Submitted"
"ended.answered.title","student app","Answered","Жауап берілді","Отвечено","2.1d Ended by proctor: From frame 2.1d."
"ended.answered.value","student app","{answered} of {total, plural, one {# question} other {# questions}}","{answered} / {total} сұрақ","{answered} {total, plural, one {из # вопроса} other {из # вопросов}}","2.1d Ended by proctor: Value. ICU plural. From frame 2.1d."
"ended.body","student app","{proctor} ended your session at {time}. Answers up to then are saved. The exam office reviews what happened.","{proctor} сессияңызды {time} кезінде аяқтады. Осы уақытқа дейінгі жауаптар сақталды. Емтихан бөлімі не болғанын қарайды.","{proctor} завершил(а) вашу сессию в {time}. Ответы до этого момента сохранены. Экзаменационный отдел рассмотрит ситуацию.","2.1d Ended by proctor: Value. From frame 2.1d."
"ended.contact","student app","Think this is a mistake? Write to the exam office at {email}.","Қате деп ойлайсыз ба? Емтихан бөліміне жазыңыз: {email}.","Считаете, что это ошибка? Напишите в экзаменационный отдел: {email}.","2.1d Ended by proctor: Value. From frame 2.1d. The email comes from the workspace."
"ended.label","student app","Ended","Аяқталды","Завершено","2.1d Ended by proctor: Receipt row. From frame 2.1d."
"ended.reason.proctor","student app","Ended by proctor","Проктор аяқтады","Завершено проктором","2.1d Ended by proctor: From frame 2.1d."
"ended.reason.title","student app","Reason","Себебі","Причина","2.1d Ended by proctor: From frame 2.1d."
"ended.title","student app","Your exam was ended.","Емтиханыңыз аяқталды.","Ваш экзамен завершён.","2.1d Ended by proctor: From frame 2.1d."
"event.browser_locked","student app","Browser locked · {count, plural, one {# tab} other {# tabs}} closed","Браузер құлыпталды · {count} бет жабылды","Браузер заблокирован · {count, plural, one {закрыта # вкладка} few {закрыто # вкладки} many {закрыто # вкладок} other {закрыто # вкладки}}","2.1 Exam: Value. ICU plural."
"event.exam_started","student app","Exam started","Емтихан басталды","Экзамен начался","2.1 Exam: +33% KZ"
"event.face_matched","student app","Face matched at check-in","Кіру кезінде бет сәйкестендірілді","Лицо сверено при входе","2.1 Exam: +38% KZ"
"event.network_lost.detail","student app","Answers and events wait on this laptop","Жауаптар мен оқиғалар осы ноутбукта күтіп тұр","Ответы и события ждут на ноутбуке","2.1a Offline: From frame 2.1a."
"event.network_lost.title","student app","Network lost","Желі үзілді","Сеть потеряна","2.1a Offline: From frame 2.1a."
"event.no_face","student app","No face in frame","Кадрда бет жоқ","Нет лица в кадре","2.2 Phone warning and 2.3 Paused"
"event.on_screen","student app","On screen","Экранда","На экране","2.1 Exam"
"event.paused.detail","student app","Session paused · timer stopped","Сессия тоқтады · таймер тоқтатылды","Сессия на паузе · таймер остановлен","2.2 Phone warning and 2.3 Paused"
"event.phone","student app","Phone in frame","Кадрда телефон","Телефон в кадре","2.2 Phone warning and 2.3 Paused: Renamed to event.phone.title in code."
"event.phone.detail","student app","Confidence {confidence, number, ::.00} · frame kept as evidence","Сенімділік {confidence, number, ::.00} · кадр сақталды","Уверенность {confidence, number, ::.00} · кадр сохранён","2.2 Phone warning and 2.3 Paused: Value. KZ and RU write decimals with a comma: 0,94."
"event.proctor_paused.detail","student app","Timer stopped until your proctor resumes","Проктор жалғастырғанша таймер тоқтатулы","Таймер остановлен, пока проктор не продолжит","2.1c Paused by proctor: Frame 2.1c says “until she resumes”; reworded so it fits any proctor."
"event.proctor_paused.title","student app","Paused by {proctor}","{proctor} тоқтатты","Пауза: {proctor}","2.1c Paused by proctor: Value. From frame 2.1c."
"event.question_saved","student app","Question {n} saved","{n}-сұрақ сақталды","Вопрос {n} сохранён","2.1 Exam: Value"
"event.stored_locally","student app","Stored on this laptop","Осы ноутбукта сақталған","Хранится на ноутбуке","2.1 Exam"
"event.time_added.detail","student app","By {proctor} · ends {time}","{proctor} · аяқталуы {time}","{proctor} · окончание в {time}","2.1e Message and new end time: Value. From frame 2.1e."
"event.time_added.title","student app","Time added · +{minutes} min","Уақыт қосылды · +{minutes} мин","Добавлено время · +{minutes} мин","2.1e Message and new end time: Value. From frame 2.1e."
"exam.back","student app","Back","Артқа","Назад","2.1 Exam"
"exam.camera.faces","student app","{count, plural, one {# face} other {# faces}}","{count} бет","{count, plural, one {# лицо} few {# лица} many {# лиц} other {# лица}}","2.1 Exam: Value. ICU plural. Figma: {count} face."
"exam.camera.no_face","student app","no face","бет жоқ","нет лица","2.2 Phone warning and 2.3 Paused"
"exam.counter","student app","Question {n} of {total}","Сұрақ {n} / {total}","Вопрос {n} из {total}","2.1 Exam: Value"
"exam.log.title","student app","This session","Бұл сессия","Эта сессия","2.1 Exam"
"exam.next","student app","Next question","Келесі сұрақ","Следующий вопрос","2.1 Exam"
"exam.offline.status","student app","saving on this laptop · {elapsed}","осы ноутбукта сақталуда · {elapsed}","сохраняется на ноутбуке · {elapsed}","2.1a Offline: Value. From frame 2.1a."
"exam.offline.status_title","student app","Offline","Желі жоқ","Нет сети","2.1a Offline: From frame 2.1a."
"exam.option","student app","Option {letter}","{letter} нұсқасы","Вариант {letter}","2.1 Exam: Value"
"exam.paused.body","student app","No face in the frame. Come back to the camera and your time continues.","Кадрда бет жоқ. Камераға оралыңыз, уақыт әрі қарай жүреді.","Лица нет в кадре. Вернитесь к камере, и время пойдёт дальше.","2.2 Phone warning and 2.3 Paused"
"exam.paused.resume","student app","I’m here","Мен осындамын","Я здесь","2.2 Phone warning and 2.3 Paused: +63% KZ"
"exam.paused.status","student app","no face in frame","кадрда бет жоқ","нет лица в кадре","2.2 Phone warning and 2.3 Paused"
"exam.paused.status_title","student app","Paused","Үзіліс","Пауза","2.2 Phone warning and 2.3 Paused"
"exam.paused.timer","student app","Paused for {duration}","Үзіліс: {duration}","Пауза: {duration}","2.2 Phone warning and 2.3 Paused: Value"
"exam.paused.title","student app","Paused.","Үзіліс.","Пауза.","2.2 Phone warning and 2.3 Paused"
"exam.phone.status","student app","phone in frame · {confidence, number, ::.00}","кадрда телефон · {confidence, number, ::.00}","телефон в кадре · {confidence, number, ::.00}","2.2 Phone warning and 2.3 Paused: Value. KZ and RU write decimals with a comma: 0,94. The number skeleton does that per locale."
"exam.phone.title","student app","Phone found","Телефон табылды","Телефон обнаружен","2.2 Phone warning and 2.3 Paused: +55% RU"
"exam.phone.toast","student app","Phone in frame. Put it away.","Кадрда телефон бар. Оны алып қойыңыз.","Телефон в кадре. Уберите его.","2.2 Phone warning and 2.3 Paused: +32% KZ"
"exam.proctor_paused.status","student app","timer stopped · {elapsed}","таймер тоқтады · {elapsed}","таймер остановлен · {elapsed}","2.1c Paused by proctor: Value. From frame 2.1c."
"exam.proctor_paused.status_title","student app","Paused by proctor","Проктор тоқтатты","Пауза от проктора","2.1c Paused by proctor: From frame 2.1c."
"exam.questions.failed","student app","The questions did not load. Check your connection or ask your proctor.","Сұрақтар жүктелмеді. Желіні тексеріңіз немесе проктордан сұраңыз.","Вопросы не загрузились. Проверьте подключение или спросите проктора.","2.1 Exam additions: Title of the Error banner above the question on 2.1 when join_exam has not returned the questions after its retries (2, 4, 8 and 16 s) or refused in a way that will not pass soon. Its action is Check again (check.again); the app also tries again every 30 s. No frame shows it. Kazakh and Russian are a first pass: a native speaker must review them."
"exam.saved","student app","Saved on this laptop · {time}","Осы ноутбукта сақталды · {time}","Сохранено на ноутбуке · {time}","2.1 Exam: Value"
"exam.saved_offline","student app","Saved on this laptop · {time} · syncs when online","Осы ноутбукта сақталды · {time} · желі пайда болғанда жіберіледі","Сохранено на ноутбуке · {time} · отправится при подключении","2.1a Offline: Value. From frame 2.1a."
"exam.submit","student app","Submit","Тапсыру","Сдать","2.1 Exam additions: Replaces Next question on the last question. No frame shows it yet."
"exam.timer.added","student app","left · +{minutes} min","қалды · +{minutes} мин","осталось · +{minutes} мин","2.1e Message and new end time: Value. From frame 2.1e."
"exam.timer.left","student app","left","қалды","осталось","2.1 Exam: +100% RU. Follows the timer: 42:17 left."
"exam.toast.flag","student app","flag","белгі","отметка","2.2 Phone warning and 2.3 Paused: +75% RU"
"exam.type.midterm","student app","Midterm","Аралық бақылау","Рубежный контроль","Shared: +143% RU"
"exam.watch.status","student app","eyes on screen · {elapsed}","көз экранда · {elapsed}","взгляд на экране · {elapsed}","2.1 Exam: Value"
"exam.watch.title","student app","Watching","Бақылауда","Наблюдение","2.1 Exam"
"identity.caption","student app","The card and your face are compared on this laptop. Nothing is uploaded.","Билет пен бетіңіз осы ноутбукта салыстырылады. Ештеңе жүктелмейді.","Билет и лицо сравниваются на этом ноутбуке. Ничего не загружается.","1.3 Identity"
"identity.card.failed","student app","Couldn’t read the card · {n} of {total} tries","Билет оқылмады · {n} / {total} әрекет","Билет не прочитан · попытка {n} из {total}","1.3 Identity: Value. Frame 1.3a."
"identity.card.running","student app","Reading the card… keep it still.","Билет оқылуда… қозғалтпаңыз.","Читаем билет… не двигайте его.","1.3 Identity"
"identity.card.title","student app","Student card","Студенттік билет","Студенческий билет","1.3 Identity: +50% RU"
"identity.face.fail","student app","Doesn’t match the photo on your card yet.","Билеттегі фотоға әзірге сәйкес келмейді.","Пока не совпадает с фото на билете.","Check failures: 1.3 has no failure frame for this row. The face is matched to the card photo."
"identity.face.ok","student app","Matches the photo on your card.","Билеттегі фотоға сәйкес.","Совпадает с фото на билете.","1.3 Identity: Figma says “Matches your enrolment photo.”; the face is matched to the card photo, so the catalog wins."
"identity.face.title","student app","Face","Бет","Лицо","1.3 Identity"
"identity.help.body","student app","Üki couldn’t read the card after {tries, plural, one {# try} other {# tries}}. Your proctor is joining this check.","Üki билетті {tries} әрекеттен кейін оқи алмады. Проктор тексеруге қосылуда.","Üki не смог прочитать билет за {tries, plural, one {# попытку} few {# попытки} many {# попыток} other {# попытки}}. Проктор подключается к проверке.","1.3 Identity: Value. ICU plural. Frame 1.3a."
"identity.help.hint","student app","Hold still for your proctor","Проктор үшін қозғалмаңыз","Не двигайтесь, проктор проверяет","1.3 Identity: Frame 1.3a."
"identity.help.privacy","student app","{proctor} sees your step and device, never the photo. Stay in front of the camera.","{proctor} фотоны көрмейді, тек қадамыңыз бен құрылғыңызды көреді. Камера алдында қалыңыз.","{proctor} видит ваш шаг и устройство, но не фото. Оставайтесь перед камерой.","1.3 Identity: Value. Frame 1.3a. The frame itself says “Üki tries again while she helps.”; the catalog wins."
"identity.help.requested","student app","Help requested at {time}","Көмек сұралды: {time}","Помощь запрошена в {time}","1.3 Identity: Value. Frame 1.3a."
"identity.help.title","student app","Your proctor will help.","Проктор көмектеседі.","Проктор поможет.","1.3 Identity: Frame 1.3a."
"identity.help.waiting","student app","Waiting for {proctor}","{proctor} күтілуде","Ожидание: {proctor}","1.3 Identity: Value. Russian avoids declining the name. Also used on 2.1c."
"identity.hint","student app","Hold your student card inside the lime frame","Студенттік билетті жасыл жиек ішінде ұстаңыз","Держите студенческий билет в зелёной рамке","1.3 Identity"
"identity.person.fail","student app","More than one person in the frame.","Кадрда бірнеше адам бар.","В кадре больше одного человека.","Check failures: 1.3 has no failure frame for this row."
"identity.person.ok","student app","Only you are in the frame.","Кадрда тек сіз барсыз.","В кадре только вы.","1.3 Identity"
"identity.person.title","student app","One person","Бір адам","Один человек","1.3 Identity"
"identity.privacy","student app","Your proctor only sees “matched” or “needs help”, never the photo.","Проктор фотоны көрмейді, тек «сәйкес» немесе «көмек керек» деп көреді.","Проктор видит только «совпало» или «нужна помощь», но не фото.","1.3 Identity"
"identity.subtitle","student app","Once, before the start. Üki checks that the card and your face match.","Бір рет, басталар алдында. Üki билет пен бетіңіздің сәйкестігін тексереді.","Один раз, перед началом. Üki сверит билет с вашим лицом.","1.3 Identity"
"identity.title","student app","Show your student card.","Студенттік билетті көрсетіңіз.","Покажите студенческий билет.","1.3 Identity: +30% KZ"
"join.body","student app","Enter the exam code from your invitation email and your student ID. Üki checks your laptop next.","Шақыру хатындағы емтихан кодын және студенттік ID-ді енгізіңіз. Кейін Üki ноутбугыңызды тексереді.","Введите код экзамена из письма-приглашения и ID студента. Затем Üki проверит ваш ноутбук.","1.1 Join"
"join.code.format","student app","Codes have three parts: course, group and day, like MATH2-204-FRI.","Код үш бөліктен тұрады: курс, топ және күн, мысалы MATH2-204-FRI.","Код состоит из трёх частей: курс, группа и день, например MATH2-204-FRI.","1.1 Join: Frame 1.1a."
"join.code.helper","student app","Not case sensitive. Ask your proctor if you lost it.","Әріп өлшемі маңызды емес. Код жоқ болса, проктордан сұраңыз.","Регистр не важен. Потеряли код — спросите проктора.","1.1 Join: +33% KZ"
"join.code.label","student app","Exam code","Емтихан коды","Код экзамена","1.1 Join: +33% KZ"
"join.error.already_joined","student app","This student ID is already in this exam on another laptop. Ask your proctor.","Бұл студенттік ID-мен емтиханға басқа ноутбуктан кірген. Проктордан сұраңыз.","С этим ID студента уже вошли на экзамен с другого ноутбука. Спросите проктора.","1.1 Join: Under the student ID field when join_exam returns already_joined: another laptop holds this student’s session. 1.1 has no frame for it. Kazakh and Russian are a first pass: a native speaker must review them."
"join.error.body","student app","No exam has this code. Copy it from your invitation email.","Бұл кодпен емтихан жоқ. Оны шақыру хатынан көшіріп алыңыз.","Экзамена с таким кодом нет. Скопируйте его из письма-приглашения.","1.1 Join: Frame 1.1a."
"join.error.lobby_closed","student app","This exam is not open to join now. Check the time in your invitation email.","Бұл емтиханға қазір кіру мүмкін емес. Уақытын шақыру хатынан тексеріңіз.","Сейчас войти на этот экзамен нельзя. Проверьте время в письме-приглашении.","1.1 Join: Under the exam code field when join_exam returns lobby_closed: before the lobby opens or after the exam ends. 1.1 has no frame for it. Kazakh and Russian are a first pass: a native speaker must review them."
"join.error.network","student app","The exam server does not reply. Check your connection and try again.","Емтихан сервері жауап бермейді. Желіні тексеріп, қайталап көріңіз.","Сервер экзамена не отвечает. Проверьте подключение и попробуйте снова.","1.1 Join: Under the exam code field when join_exam gets no reply. 1.1 has no frame for it. Kazakh and Russian are a first pass: a native speaker must review them."
"join.error.rate_limited","student app","Too many tries. Wait a minute and try again.","Әрекет тым көп. Бір минут күтіп, қайталап көріңіз.","Слишком много попыток. Подождите минуту и попробуйте снова.","1.1 Join: Under the exam code field when join_exam returns rate_limited (10 tries a minute). 1.1 has no frame for it. Kazakh and Russian are a first pass: a native speaker must review them."
"join.error.title","student app","Check the code.","Кодты тексеріңіз.","Проверьте код.","1.1 Join: Frame 1.1a."
"join.privacy","student app","Your camera stays on this laptop. Only events and flagged frames are sent.","Камера осы ноутбукта қалады. Тек оқиғалар мен белгіленген кадрлар жіберіледі.","Камера остаётся на этом ноутбуке. Передаются только события и отмеченные кадры.","1.1 Join"
"join.step","student app","Step {n} of {total}","Қадам {n} / {total}","Шаг {n} из {total}","1.1 Join: Value"
"join.student_id.helper","student app","8 digits, printed on your student card.","8 сан, студенттік билетіңізде жазылған.","8 цифр, указаны на студенческом билете.","1.1 Join"
"join.student_id.label","student app","Student ID","Студенттік ID","ID студента","1.1 Join: +30% KZ"
"join.title","student app","Join your exam.","Емтиханға кіріңіз.","Войдите на экзамен.","1.1 Join"
"language.en","student app","ENG","ENG","ENG","Shared: Language switch in the title bar on 1.1 and the student screens (App/Title bar 150:13352; frame 2.1 shows ҚАЗ, РУС, ENG). Every language shows the same three labels."
"language.kk","student app","ҚАЗ","ҚАЗ","ҚАЗ","Shared: Language switch in the title bar on 1.1 and the student screens (App/Title bar 150:13352; frame 2.1 shows ҚАЗ, РУС, ENG). Every language shows the same three labels."
"language.ru","student app","РУС","РУС","РУС","Shared: Language switch in the title bar on 1.1 and the student screens (App/Title bar 150:13352; frame 2.1 shows ҚАЗ, РУС, ENG). Every language shows the same three labels."
"lobby.countdown.body","student app","When the exam starts, Üki sits next to this window.","Басталғанда Üki осы терезенің жанында болады.","Когда экзамен начнётся, Üki будет рядом с этим окном.","1.4 Rules and lobby"
"lobby.countdown.label","student app","Until the start","Емтихан басталғанша","До начала экзамена","1.4 Rules and lobby"
"lobby.waiting","student app","Waiting for the start","Басталуын күтеміз","Ждём начала","1.4 Rules and lobby"
"message.ack","student app","Got it","Түсіндім","Понятно","2.1e Message and new end time: From frame 2.1e."
"message.body","student app","“{text}”","«{text}»","«{text}»","2.1e Message and new end time: Value. The proctor’s own words, or a preset below."
"message.preset.camera_view","student app","Stay in camera view","Камера алдында болыңыз","Оставайтесь в кадре","2.1e Message and new end time: Preset from frame 2.4b."
"message.preset.phone_away","student app","Put the phone away","Телефонды алып қойыңыз","Уберите телефон","2.1e Message and new end time: Preset from frame 2.5, which shows all three languages."
"message.preset.phones_away","student app","Phones away, please","Телефондарды алып қойыңыз","Уберите телефоны, пожалуйста","2.1e Message and new end time: Preset from frame 2.4b."
"message.preset.time_15","student app","15 minutes left","15 минут қалды","Осталось 15 минут","2.1e Message and new end time: Preset from frame 2.4b."
"message.title","student app","Message from {proctor} · {time}","{proctor} хабарламасы · {time}","Сообщение: {proctor} · {time}","2.1e Message and new end time: Value. From frame 2.1e."
"offline.body","student app","Answers save on this laptop and sync when the network is back. Your timer keeps running.","Жауаптар осы ноутбукта сақталады және желі қайта қосылғанда жіберіледі. Таймер жүре береді.","Ответы сохраняются на ноутбуке и отправятся, когда появится сеть. Таймер продолжает идти.","2.1a Offline: From frame 2.1a."
"offline.title","student app","You’re offline. Keep writing.","Желі жоқ. Жаза беріңіз.","Нет сети. Продолжайте писать.","2.1a Offline: From frame 2.1a."
"pair.card.body","student app","Confirm this code in your browser.","Бұл кодты браузерде растаңыз.","Подтвердите этот код в браузере.","E.3 Pairing: App side of E.3."
"pair.card.next","student app","Next: {exam} · {when}","Келесі: {exam} · {when}","Далее: {exam} · {when}","E.3 Pairing: Value. App side of E.3."
"pair.card.title","student app","Pair Üki Lock","Üki Lock-ты жұптастыру","Подключите Üki Lock","E.3 Pairing: App side of E.3."
"pair.card.when.date","student app","{date}, {time}","{date}, {time}","{date} в {time}","E.3 Pairing: Value. The {when} of pair.card.next for an exam on another day; {date} is the receipt date (formatDate). E.3 shows only today. Kazakh and Russian are a first pass: a native speaker must review them."
"pair.card.when.today","student app","today {time}","бүгін {time}","сегодня в {time}","E.3 Pairing: Value. The {when} of pair.card.next for an exam that starts today, as in “Next: Physics 1 · Quiz 3 · today 14:00” (E.3, 95:9394). Kazakh and Russian are a first pass: a native speaker must review them."
"proctor_paused.body","student app","{proctor}: “{message}” Your timer is stopped.","{proctor}: «{message}» Таймеріңіз тоқтатулы.","{proctor}: «{message}» Таймер остановлен.","2.1c Paused by proctor: Value. From frame 2.1c. Without a message, show only the last sentence."
"proctor_paused.timer","student app","Paused for {duration} · you can’t resume yourself","Үзіліс: {duration} · өзіңіз жалғастыра алмайсыз","Пауза: {duration} · продолжить самостоятельно нельзя","2.1c Paused by proctor: Value. From frame 2.1c."
"proctor_paused.title","student app","Your proctor paused the exam.","Проктор емтиханды тоқтатты.","Проктор приостановил экзамен.","2.1c Paused by proctor: From frame 2.1c."
"rules.agree","student app","I have read the rules and agree.","Ережелермен таныстым және келісемін.","С правилами ознакомлен(а) и согласен(на).","1.4 Rules and lobby: Gender form"
"rules.eyes.body","student app","Look away for more than {seconds} s and Üki notes it.","Экраннан {seconds} секундтан артық көз алсаңыз, Üki белгілеп қояды.","Если отвести взгляд дольше {seconds, plural, one {# секунды} few {# секунд} many {# секунд} other {# секунды}}, Üki это отметит.","1.4 Rules and lobby: Value. ICU plural (Russian)."
"rules.eyes.title","student app","Eyes on the screen","Көзіңіз экранда","Взгляд на экран","1.4 Rules and lobby"
"rules.faq.video","student app","Where is the video?","Бейне қайда сақталады?","Где хранится видео?","1.4 Rules and lobby The apps use it as rules.faq.video.question."
"rules.faq.video.answer","student app","It isn’t uploaded anywhere. Üki checks the video on this laptop. Only events and flagged frames are sent.","Ешқайда жүктелмейді. Üki бейнені осы ноутбукта тексереді. Тек оқиғалар мен белгіленген кадрлар жіберіледі.","Никуда не загружается. Üki проверяет видео на этом ноутбуке. Передаются только события и отмеченные кадры.","1.4 Rules and lobby: The answer under rules.faq.video, which is renamed to rules.faq.video.question in code. Kazakh from frame 1.4a (87:8156); English and Russian are a first pass: a native speaker must review the Russian."
"rules.phone.body","student app","Keep your phone out of the camera’s view.","Телефон камераның көру аясында болмауы керек.","Телефона не должно быть в кадре.","1.4 Rules and lobby"
"rules.phone.title","student app","No phone","Телефонсыз","Без телефона","1.4 Rules and lobby: +50% RU"
"rules.title","student app","Exam rules","Емтихан ережелері","Правила экзамена","1.4 Rules and lobby: +70% KZ"
"rules.video.body","student app","Only events and flagged frames are sent.","Тек оқиғалар мен белгіленген кадрлар жіберіледі.","Передаются только события и отмеченные кадры.","1.4 Rules and lobby"
"rules.video.title","student app","Video stays on this laptop","Бейне осы ноутбукта қалады","Видео остаётся на ноутбуке","1.4 Rules and lobby"
"rules.window.body","student app","Other tabs and apps stay closed during the exam.","Емтихан кезінде басқа беттер мен қолданбалар жабық болады.","Во время экзамена другие вкладки и приложения закрыты.","1.4 Rules and lobby"
"rules.window.title","student app","Only this window","Тек осы терезе","Только это окно","1.4 Rules and lobby"
"status.checking","student app","Checking","Тексерілуде","Проверка","Shared: +38% KZ"
"status.fix","student app","Fix this","Түзету","Исправить","Shared"
"status.needs_help","student app","Needs help","Көмек керек","Нужна помощь","Shared"
"status.ready","student app","Ready","Дайын","Готово","Shared"
"stepper.check","student app","System check","Тексеру","Проверка","Shared: Short form. The heading uses check.title."
"stepper.identity","student app","Identity","Тұлға","Личность","Shared"
"stepper.join","student app","Join","Кіру","Вход","Shared"
"stepper.rules","student app","Rules","Ережелер","Правила","Shared: +60% KZ"
"tray.open","student app","Open Üki","Üki-ді ашу","Открыть Üki","Tray: Tray menu during exams in the browser."
"lock.app.connected","Üki Lock","Üki app · connected · camera on","Üki қолданбасы · қосылған · камера қосулы","Приложение Üki · подключено · камера включена","E.4 Ready to lock: Popup footer in E.4."
"lock.app.found","Üki Lock","Üki app · found on this laptop","Üki қолданбасы · осы ноутбукта табылды","Приложение Üki · найдено на этом ноутбуке","E.3 Pairing: Popup footer in E.3."
"lock.app.idle","Üki Lock","Üki app · idle","Üki қолданбасы · күту режимінде","Приложение Üki · ожидание","E.9 Released: Popup footer in E.9."
"lock.app.watching","Üki Lock","Üki app · watching · camera on","Üki қолданбасы · бақылауда · камера қосулы","Приложение Üki · наблюдает · камера включена","E.8 Lock status: Phase 1. Popup footer in E.8 (98:9927) while the app is paired."
"lock.ask.body","Üki Lock","Your proctor sees this on the live wall. Your time keeps running.","Проктор мұны бақылау экранында көреді. Уақыт жүре береді.","Проктор увидит это на экране наблюдения. Время продолжает идти.","Üki Lock: Phase 1"
"lock.ask.note.helper","Üki Lock","Only your proctor sees this · {count}/{max}","Мұны тек проктор көреді · {count}/{max}","Это видит только проктор · {count}/{max}","Üki Lock: Value. Phase 1"
"lock.ask.note.label","Üki Lock","Note (optional)","Ескертпе (міндетті емес)","Комментарий (необязательно)","Üki Lock: +80% RU. Phase 1"
"lock.ask.reason.break","Üki Lock","I need a break","Маған үзіліс керек","Мне нужен перерыв","Üki Lock: Phase 1"
"lock.ask.reason.other","Üki Lock","Something else","Басқа себеп","Другое","Üki Lock: Phase 1"
"lock.ask.reason.technical","Üki Lock","Technical problem","Техникалық ақау","Техническая проблема","Üki Lock: Phase 1"
"lock.ask.reason.unclear","Üki Lock","Question is unclear","Сұрақ түсініксіз","Вопрос непонятен","Üki Lock: Phase 1"
"lock.ask.send","Üki Lock","Send to proctor","Прокторға жіберу","Отправить проктору","Üki Lock: Phase 1"
"lock.ask.title","Üki Lock","Ask your proctor","Проктордан сұраңыз","Спросите проктора","Üki Lock: Phase 1"
"lock.badge","Üki Lock","LOCKED","ҚҰЛЫПТАУЛЫ","ЗАБЛОКИРОВАНО","Üki Lock: +117% RU"
"lock.blocked.back","Üki Lock","Back to the exam","Емтиханға оралу","Вернуться к экзамену","E.6 and E.7: Frame E.7."
"lock.blocked.body.full","Üki Lock","Only the exam portal and the calculator are open. This attempt is in your exam log.","Тек емтихан порталы мен калькулятор ашық. Бұл әрекет емтихан журналында сақталды.","Открыты только портал экзамена и калькулятор. Эта попытка записана в журнал экзамена.","E.6 and E.7: Frame E.7. Used once the calculator ships in Phase 1."
"lock.blocked.body.portal_only","Üki Lock","Only the exam portal is open. This attempt is in your exam log.","Тек емтихан порталы ашық. Бұл әрекет емтихан журналында сақталды.","Открыт только портал экзамена. Эта попытка записана в журнал экзамена.","E.6 and E.7: Phase 0 has no calculator."
"lock.blocked.meta","Üki Lock","{host} · {time}","{host} · {time}","{host} · {time}","E.6 and E.7: Value. Frame E.7."
"lock.blocked.title","Üki Lock","This site is closed during the exam.","Емтихан кезінде бұл сайт жабық.","Во время экзамена этот сайт закрыт.","E.6 and E.7: Frame E.7. In exams inside the app, the block page shows only this line."
"lock.calc.clear","Üki Lock","C","C","C","E.5b Calculator: Phase 1. The clear key of E.5b's keypad (153:11875). The other keys are digits and symbols, not strings."
"lock.calc.error","Üki Lock","Can’t divide by 0","0-ге бөлуге болмайды","На 0 делить нельзя","E.5b Calculator: Phase 1. E.5b's value after a division by zero; no frame draws it."
"lock.calc.note","Üki Lock","Works offline. Keeps no history after you submit.","Желісіз жұмыс істейді. Тапсырғаннан кейін тарих сақталмайды.","Работает офлайн. После сдачи история не сохраняется.","Üki Lock: Phase 1"
"lock.calc.title","Üki Lock","Calculator · built into Üki Lock","Калькулятор · Üki Lock ішінде","Калькулятор · встроен в Üki Lock","Üki Lock: Phase 1"
"lock.copy.noted","Üki Lock","{time} · noted","{time} · белгіленді","{time} · отмечено","E.6 and E.7: Value. Frame E.6."
"lock.copy.toast","Üki Lock","Copy is off during the exam.","Емтихан кезінде көшіру өшірулі.","Во время экзамена копирование отключено.","E.6 and E.7: Frame E.6."
"lock.done.badge","Üki Lock","DONE","АЯҚТАЛДЫ","ЗАВЕРШЕНО","E.9 Released: Popup in E.9."
"lock.done.blocked.title","Üki Lock","Blocked attempts","Бұғатталған әрекеттер","Заблокированные попытки","E.9 Released: Popup in E.9."
"lock.done.blocked.value","Üki Lock","{count} · in your exam log","{count} · емтихан журналында","{count} · в журнале экзамена","E.9 Released: Value. Popup in E.9."
"lock.done.body","Üki Lock","Submitted at {time}. {count, plural, one {Your tab is back.} other {Your # tabs are back.}}","{time} кезінде тапсырылды. {count} бетіңіз қайтарылды.","Сдано в {time}. {count, plural, one {# вкладка вернулась.} few {# вкладки вернулись.} many {# вкладок вернулись.} other {# вкладки вернулись.}}","E.9 Released: Value. ICU plural. Popup in E.9."
"lock.done.close","Üki Lock","Close","Жабу","Закрыть","E.9 Released: Popup in E.9."
"lock.done.locked_for.title","Üki Lock","Locked for","Құлыпталған уақыт","Время блокировки","E.9 Released: Popup in E.9."
"lock.done.locked_for.value","Üki Lock","{minutes} min","{minutes} мин","{minutes} мин","E.9 Released: Value. Popup in E.9."
"lock.done.sent.title","Üki Lock","Sent to the proctor","Прокторға жіберілді","Отправлено проктору","E.9 Released: Popup in E.9."
"lock.done.sent.value","Üki Lock","Events only","Тек оқиғалар","Только события","E.9 Released: Popup in E.9."
"lock.done.title","Üki Lock","Lock released","Құлып ашылды","Блокировка снята","E.9 Released: Popup in E.9."
"lock.name","Üki Lock","Üki Lock","Üki Lock","Üki Lock","Üki Lock: The header of every Üki Lock popup (Ext/Popup header 92:2533, E.3 to E.9). The product name reads the same in every language."
"lock.noted.copy","Üki Lock","Copy blocked","Көшіру бұғатталды","Копирование заблокировано","E.8 Lock status: Phase 1. E.8 noted row for copy.blocked (any kind)."
"lock.noted.kind.copy","Üki Lock","Copy","Көшіру","Копирование","E.8 Lock status: Phase 1. E.8 detail under lock.noted.copy for kind copy. Figma shows the question (“Question 4”), which the Lock cannot know."
"lock.noted.kind.cut","Üki Lock","Cut","Қиып алу","Вырезание","E.8 Lock status: Phase 1. E.8 detail under lock.noted.copy for kind cut."
"lock.noted.kind.paste","Üki Lock","Paste","Қою","Вставка","E.8 Lock status: Phase 1. E.8 detail under lock.noted.copy for kind paste."
"lock.noted.kind.print","Üki Lock","Print","Басып шығару","Печать","E.8 Lock status: Phase 1. E.8 detail under lock.noted.copy for kind print."
"lock.noted.outside","Üki Lock","Outside the exam window","Емтихан терезесінен тыс","Вне окна экзамена","E.8 Lock status: Phase 1. E.8 detail of tab.blocked without a host: focus left the browser, or a browser page opened. Figma shows the key pressed (“Ctrl+T pressed”), which the Lock does not see."
"lock.noted.site","Üki Lock","Site closed","Сайт жабылды","Сайт закрыт","E.8 Lock status: Phase 1. E.8 noted row for site.closed; the detail is the host."
"lock.noted.tab","Üki Lock","New tab blocked","Жаңа бет бұғатталды","Новая вкладка заблокирована","E.8 Lock status: Phase 1. E.8 noted row for tab.blocked; the detail is the host, or lock.noted.outside."
"lock.pair.action","Üki Lock","Pair","Жұптастыру","Подключить","E.3 Pairing: Popup in E.3."
"lock.pair.badge","Üki Lock","NOT PAIRED","ЖҰПТАСТЫРЫЛМАҒАН","НЕ ПОДКЛЮЧЁН","E.3 Pairing: Popup in E.3."
"lock.pair.body","Üki Lock","Both should show the same code.","Екеуінде бірдей код көрсетілуі керек.","В обоих окнах должен быть один и тот же код.","E.3 Pairing: Popup in E.3."
"lock.pair.device","Üki Lock","{os} · {student}","{os} · {student}","{os} · {student}","E.3 Pairing: Value. The line under lock.pair.found in the E.3 popup (“Windows 11 · Aliya S.”, 95:9192): os.* and the student’s name. Before the student joins, the line is the OS name alone."
"lock.pair.found","Üki Lock","Üki app found","Üki қолданбасы табылды","Приложение Üki найдено","E.3 Pairing: Popup in E.3. The line under it is {os} · {student}."
"lock.pair.mismatch","Üki Lock","Different code? Close this and restart the Üki app.","Код басқа ма? Мұны жауып, Üki қолданбасын қайта іске қосыңыз.","Код другой? Закройте это окно и перезапустите приложение Üki.","E.3 Pairing: Popup in E.3."
"lock.pair.open_app.body","Üki Lock","It pairs on its own.","Ол өзі жұптасады.","Подключение произойдёт само.","E.3 Pairing: Step 03 in E.3."
"lock.pair.open_app.title","Üki Lock","Open the Üki app","Üki қолданбасын ашыңыз","Откройте приложение Üki","E.3 Pairing: Step 03 in E.3; also the popup when the app is absent."
"lock.pair.title","Üki Lock","Pair with the Üki app","Üki қолданбасымен жұптастыру","Подключение к приложению Üki","E.3 Pairing: Popup in E.3."
"lock.ready.app.ok","Üki Lock","Connected · camera on","Қосылған · камера қосулы","Подключено · камера включена","E.4 Ready to lock: Popup in E.4."
"lock.ready.app.title","Üki Lock","Üki app","Üki қолданбасы","Приложение Üki","E.4 Ready to lock: Popup in E.4."
"lock.ready.badge","Üki Lock","READY","ДАЙЫН","ГОТОВО","E.4 Ready to lock: Popup in E.4."
"lock.ready.next","Üki Lock","NEXT EXAM","КЕЛЕСІ ЕМТИХАН","СЛЕДУЮЩИЙ ЭКЗАМЕН","E.4 Ready to lock: Popup in E.4."
"lock.ready.note.full","Üki Lock","Only the exam portal and the calculator stay open.","Тек емтихан порталы мен калькулятор ашық қалады.","Открытыми останутся только портал экзамена и калькулятор.","E.4 Ready to lock: Popup in E.4. Used once the calculator ships in Phase 1."
"lock.ready.note.portal_only","Üki Lock","Only the exam portal stays open.","Тек емтихан порталы ашық қалады.","Открытым останется только портал экзамена.","E.4 Ready to lock: Phase 0 has no calculator."
"lock.ready.screen.off","Üki Lock","Off","Өшірулі","Выключено","E.4 Ready to lock: Popup in E.4; the row title is check.screen.title."
"lock.ready.start","Üki Lock","Lock and start","Құлыптау және бастау","Заблокировать и начать","E.4 Ready to lock: Popup in E.4."
"lock.ready.tabs.body","Üki Lock","{count} open. They close at the start and come back after you submit.","{count} ашық. Басталғанда жабылады, тапсырғаннан кейін қайтады.","Открыто: {count}. Они закроются при старте и вернутся после сдачи.","E.4 Ready to lock: Value. Popup in E.4."
"lock.ready.tabs.title","Üki Lock","Other tabs","Басқа беттер","Другие вкладки","E.4 Ready to lock: Popup in E.4."
"lock.ready.when","Üki Lock","Starts {time} · {minutes} min · {host}","Басталуы {time} · {minutes} мин · {host}","Начало в {time} · {minutes} мин · {host}","E.4 Ready to lock: Value. Popup in E.4."
"lock.status.built_in","Üki Lock","built in","кіріктірілген","встроен","E.8 Lock status: Phase 1. E.8: the Calculator row under lock.status.open."
"lock.status.ends","Üki Lock","left · ends {time}","қалды · аяқталуы {time}","осталось · окончание в {time}","E.8 Lock status: Value. Phase 1. E.8, after the time left."
"lock.status.noted","Üki Lock","NOTED · {count}","БЕЛГІЛЕНДІ · {count}","ОТМЕЧЕНО · {count}","E.8 Lock status: Value. Phase 1. E.8: the attempts the Lock noted (tab.blocked, copy.blocked, site.closed); the rows show the latest three."
"lock.status.open","Üki Lock","OPEN DURING THE EXAM","ЕМТИХАН КЕЗІНДЕ АШЫҚ","ОТКРЫТО ВО ВРЕМЯ ЭКЗАМЕНА","E.8 Lock status: Phase 1. E.8: the allowed sites and the calculator."
"lock.tab.calculator","Üki Lock","Calculator","Калькулятор","Калькулятор","Üki Lock: Phase 1"
"lock.tab.portal","Üki Lock","Exam portal","Емтихан порталы","Портал экзамена","Üki Lock: +36% KZ"
"lock.watching","Üki Lock","Üki watching","Üki бақылауда","Üki наблюдает","Üki Lock: Also the tray tooltip."
"os.macos","Üki Lock","macOS","macOS","macOS","E.3 Pairing: {os} in lock.pair.device. The app reports macOS or Windows without a version. Trade names read the same in every language."
"os.windows","Üki Lock","Windows","Windows","Windows","E.3 Pairing: {os} in lock.pair.device (E.3 shows Windows 11; the app reports no version). Trade names read the same in every language."
"email.invite.code_label","email","Exam code","Емтихан коды","Код экзамена","0.8 Invite email: 0.8 (161:13438) ""EXAM CODE""; the email shows it in capitals. Same words as join.code.label."
"email.invite.download","email","Download Üki for macOS or Windows","Üki-ді macOS не Windows үшін жүктеп алу","Скачать Üki для macOS или Windows","0.8 Invite email: 0.8 button; links to UKI_DOWNLOAD_URL. Kazakh and Russian are a first pass: a native speaker must review them (P.18)."
"email.invite.footer_group","email","Sent to {name} by the {office} exam office with Üki. You get this because you are in Group {group}.","Алушы: {name}. Хатты {office} емтихан бөлімі Üki арқылы жіберді. Сіз {group} тобында болғандықтан, бұл хатты алдыңыз.","Получатель: {name}. Письмо отправил экзаменационный отдел {office} через Üki. Вы получили его, потому что состоите в группе {group}.","0.8 Invite email: 0.8 footer. {name} is the student, so an invite redirected to UKI_EMAIL_SINK still says whose it is; {office} is the workspace name; {group} the student's group code. The frame's sender address is left out (decisions). Kazakh and Russian are a first pass: a native speaker must review them (P.18)."
"email.invite.footer_roster","email","Sent to {name} by the {office} exam office with Üki. You get this because you are on the exam roster.","Алушы: {name}. Хатты {office} емтихан бөлімі Üki арқылы жіберді. Сіз емтихан тізімінде болғандықтан, бұл хатты алдыңыз.","Получатель: {name}. Письмо отправил экзаменационный отдел {office} через Üki. Вы получили его, потому что внесены в список экзамена.","0.8 Invite email: email.invite.footer_group for a student with no group. Kazakh and Russian are a first pass: a native speaker must review them (P.18)."
"email.invite.id_label","email","Student ID","Студенттік ID","ID студента","0.8 Invite email: 0.8 ""STUDENT ID""; the email shows it in capitals. Same words as join.student_id.label."
"email.invite.languages","email","Қазақша · Русский · English","Қазақша · Русский · English","Қазақша · Русский · English","0.8 Invite email: 0.8 top right: the languages Üki speaks, each in its own language, the same in every email."
"email.invite.preview","email","Exam code {code}. The lobby opens at {lobby}.","Емтихан коды: {code}. Кіру уақыты: {lobby}.","Код экзамена: {code}. Вход с {lobby}.","0.8 Invite email: Hidden preview line that inboxes show after the subject. {lobby} is a time like 09:40. Kazakh and Russian are a first pass: a native speaker must review them (P.18)."
"email.invite.privacy","email","Video stays on your laptop. Only events and flagged frames are sent.","Бейне ноутбугыңызда қалады. Тек оқиғалар мен белгіленген кадрлар жіберіледі.","Видео остаётся на вашем ноутбуке. Передаются только события и отмеченные кадры.","0.8 Invite email: 0.8, beside the lock icon. Wording follows rules.video.title and rules.video.body."
"email.invite.step_check","email","Run the system check before {weekday, select, mon {Monday} tue {Tuesday} wed {Wednesday} thu {Thursday} fri {Friday} sat {Saturday} sun {Sunday} other {Sunday}}.","Жүйені {weekday, select, mon {дүйсенбі} tue {сейсенбі} wed {сәрсенбі} thu {бейсенбі} fri {жұма} sat {сенбі} sun {жексенбі} other {жексенбі}} күніне дейін тексеріңіз.","Пройдите проверку системы до {weekday, select, mon {понедельника} tue {вторника} wed {среды} thu {четверга} fri {пятницы} sat {субботы} sun {воскресенья} other {воскресенья}}.","0.8 Invite email: 0.8 step 2. {weekday} is the exam day in the workspace time zone (mon to sun); the select keeps each language grammatical. Kazakh and Russian are a first pass: a native speaker must review them (P.18)."
"email.invite.step_install","email","Install Üki on the laptop you will use.","Üki-ді емтиханда қолданатын ноутбугыңызға орнатыңыз.","Установите Üki на ноутбук, с которого будете сдавать экзамен.","0.8 Invite email: 0.8 step 1. Kazakh and Russian are a first pass: a native speaker must review them (P.18)."
"email.invite.step_join","email","At {lobby}, join with your exam code and student ID.","Сағат {lobby} болғанда емтихан коды мен студенттік ID арқылы кіріңіз.","В {lobby} войдите по коду экзамена и ID студента.","0.8 Invite email: 0.8 step 3. {lobby} is when the lobby opens, like 09:40. Kazakh and Russian are a first pass: a native speaker must review them (P.18)."
"email.invite.subject","email","{exam}: your exam code","{exam}: емтихан кодыңыз","{exam}: ваш код экзамена","0.8 Invite email: 0.8 subject line. {exam} is the exam title, like ""Mathematics 2 · Midterm"". Kazakh and Russian are a first pass: a native speaker must review them (P.18)."
"email.invite.subtitle","email","{exam} · {day} {month, select, jan {January} feb {February} mar {March} apr {April} may {May} jun {June} jul {July} aug {August} sep {September} oct {October} nov {November} dec {December} other {December}} · lobby opens {lobby}","{exam} · {day} {month, select, jan {қаңтар} feb {ақпан} mar {наурыз} apr {сәуір} may {мамыр} jun {маусым} jul {шілде} aug {тамыз} sep {қыркүйек} oct {қазан} nov {қараша} dec {желтоқсан} other {желтоқсан}} · кіру уақыты: {lobby}","{exam} · {day} {month, select, jan {января} feb {февраля} mar {марта} apr {апреля} may {мая} jun {июня} jul {июля} aug {августа} sep {сентября} oct {октября} nov {ноября} dec {декабря} other {декабря}} · вход с {lobby}","0.8 Invite email: 0.8 hero, under the title. The date ({day} and {month}, jan to dec, in the workspace time zone) is added to the frame's line, because an invite can come more than a week early (decisions). The month is a select, not Intl: the Edge Runtime has no Kazakh month names. Kazakh and Russian are a first pass: a native speaker must review them (P.18). A no-break space keeps the time (and the day with its month) on one line."
"email.invite.test_subject","email","Test invite · {exam}: your exam code","Сынақ шақыру · {exam}: емтихан кодыңыз","Тестовое приглашение · {exam}: ваш код экзамена","0.8 Invite email: Subject of the test invite from 0.5, sent to the staff member. Kazakh and Russian are a first pass: a native speaker must review them (P.18)."
"email.invite.title","email","Your exam is on {weekday, select, mon {Monday} tue {Tuesday} wed {Wednesday} thu {Thursday} fri {Friday} sat {Saturday} sun {Sunday} other {Sunday}} at {time}.","Емтиханыңыз {weekday, select, mon {дүйсенбі} tue {сейсенбі} wed {сәрсенбі} thu {бейсенбі} fri {жұма} sat {сенбі} sun {жексенбі} other {жексенбі}} күні, сағат {time}.","Ваш экзамен {weekday, select, mon {в понедельник} tue {во вторник} wed {в среду} thu {в четверг} fri {в пятницу} sat {в субботу} sun {в воскресенье} other {в воскресенье}} в {time}.","0.8 Invite email: 0.8 hero title. {weekday} is the exam day in the workspace time zone (mon to sun); the select keeps each language grammatical. {time} is the start, like 10:00. Kazakh and Russian are a first pass: a native speaker must review them (P.18). A no-break space keeps the time (and the day with its month) on one line."
"email.invite.wordmark_alt","email","Üki","Üki","Üki","0.8 Invite email: Alt text of the wordmark image in 0.8, for inboxes that block images."
