student number,full name,email,group,language
20235001,Kairat Kairatov,20235001@student.kru.test,204,kk
20235002,Aigerim Baimukhanova,20235002@student.kru.test,204,kk
20235003,Nursultan Baimukhanov,20235003@student.kru.test,204,kk
2023504,Kamila Tursynova,20235004@student.kru.test,204,kk
20230912,Arman Bekzhanov,20230912@student.kru.test,204,kk
20235006,Raushan Ermekova,20235006@student.kru.test,204,kk
20235007,Dauren Zhaksylykov,20235007@student.kru.test,204,kk
20235008,Akbota Zhunussova,20235008@student.kru.test,204,kk
20235009,Dana Zhaksylykova,20235009@student.kru.test,,kk
20235010,Dilnaz Yessenova,20235010@student.kru.test,240,ru
20235011,Erlan Beisenov,20235011@student.kru.test,204,kk
20231044,Dias Kenzhebekov,20231044@student.kru.test,204,kk
20235013,Rustem Baizakov,20235013@student.kru.test,204,kk
20231219,Aruzhan Kassymova,20231219.student.kru.test,204,kk
20235015,Nurlan Serikbayev,20235015@student.kru.test,204,ru
20235016,Meruyert Karimova,20235016@student.kru.test,204,kk
20231044,Erlan Kairatov,20235017@student.kru.test,204,kk
20235018,Dilnaz Mukanova,20235018@student.kru.test,204,kk
20235019,Abylai Sarsenbayev,20235019@student.kru.test,204,kk
20235020,Tomiris Dzhaksybekova,20235020@student.kru.test,204,ru
20235021,,20235021@student.kru.test,204,kk
20235022,Asel Tolegenova,20235022@student.kru.test,204,kk
20231187,Madina Tulegenova,20231187@student.kru.test,204,kk
20235024,Aigerim Zhumabayeva,20235024@student.kru.test,204,kk
